Player,Maps,Rounds,K-D Diff,K/D,Rating
ZywOo,1352,35055,+8268,1.39,1.27
s1mple,1727,45750,+9669,1.33,1.24
sh1ro,1199,31278,+7345,1.44,1.22
donk,478,11813,+1985,1.25,1.22
m0NESY,611,15234,+2876,1.32,1.19
deko,948,24153,+4800,1.34,1.19
smooya,1150,29665,+4981,1.27,1.18
w0nderful,568,14291,+2672,1.32,1.17
degster,895,23699,+4104,1.29,1.17
sterling,967,24789,+4347,1.29,1.16
kaze,1147,29258,+4983,1.29,1.16
XANTARES,2190,57166,+7655,1.20,1.16
nettik,508,12375,+1824,1.23,1.16
SENSEi,623,16671,+3187,1.35,1.16
DANK1NG,457,12106,+1897,1.25,1.16
device,2086,53881,+8252,1.25,1.16
blameF,1247,32764,+5227,1.26,1.15
try,577,14973,+2383,1.27,1.15
NiKo,1976,51657,+6480,1.19,1.15
regali,456,12302,+1822,1.24,1.15
Benkai,603,15560,+2046,1.20,1.14
ArtFr0st,523,12855,+2243,1.32,1.14
BnTeT,1129,29312,+3855,1.21,1.14
JamYoung,638,16006,+2092,1.21,1.14
KSCERATO,1237,31477,+4753,1.26,1.14
saffee,805,20062,+2803,1.23,1.13
torzsi,804,20562,+2875,1.23,1.13
Woro2k,923,23755,+3157,1.21,1.13
Texta,667,16629,+1773,1.16,1.13
mhL,862,22828,+2951,1.20,1.13
Jame,1540,39935,+6548,1.30,1.13
XigN,859,22116,+2514,1.17,1.12
frozen,1571,40297,+4694,1.18,1.12
oskar,2133,54747,+6758,1.20,1.12
coldzera,1835,47082,+6064,1.21,1.12
Jimpphat,576,14648,+1840,1.21,1.12
INS,1245,30852,+3414,1.17,1.12
liTTle,458,12159,+1550,1.20,1.12
kennyS,1991,52684,+6521,1.20,1.12
h4rn,928,24598,+3417,1.23,1.12
dgt,817,20704,+2760,1.22,1.12
junior,896,22202,+3157,1.24,1.12
ropz,1528,39686,+4991,1.21,1.12
Jamppi,503,13449,+1408,1.16,1.12
wrath,525,13568,+1239,1.13,1.12
El1an,1475,39182,+4992,1.21,1.12
headtr1ck,546,13326,+1764,1.22,1.11
Freeman,852,21767,+2366,1.17,1.11
zevy,757,18713,+2320,1.20,1.11
Sico,1048,26546,+3585,1.23,1.11
SunPayus,678,17365,+2262,1.22,1.11
mantuu,991,25509,+3107,1.20,1.11
PTC,476,12393,+1408,1.18,1.11
sk0R,493,13119,+1282,1.14,1.11
woxic,1503,38833,+4723,1.20,1.11
nawwk,1469,38257,+5121,1.23,1.11
GuardiaN,1604,42016,+4799,1.18,1.11
splashske,733,18884,+1775,1.14,1.11
r1nkle,558,14007,+1526,1.17,1.11
XELLOW,1642,42357,+4262,1.15,1.11
FREDDyFROG,1208,32176,+3606,1.18,1.11
dream3r,1429,37499,+4501,1.20,1.11
huNter-,1818,47167,+4542,1.15,1.11
Twistzz,1782,46009,+4833,1.17,1.10
nqz,695,16773,+2249,1.23,1.10
HEN1,1648,41460,+5584,1.24,1.10
xsepower,1399,37464,+4862,1.22,1.10
forsyy,822,20521,+2511,1.21,1.10
f0rest,2112,54926,+5648,1.16,1.10
Olivia,639,16294,+1549,1.14,1.10
mertz,990,26255,+2655,1.16,1.10
WARDELL,609,15901,+1648,1.17,1.10
erkaSt,964,25074,+2329,1.14,1.10
zorte,1293,33301,+4020,1.20,1.10
yuurih,1330,33974,+3532,1.16,1.10
kNgV-,1036,27069,+2658,1.15,1.10
poizon,1141,30143,+2855,1.15,1.10
MATYS,710,18056,+1146,1.09,1.10
decenty,592,14219,+1508,1.17,1.10
dumau,868,21967,+2299,1.17,1.10
allu,1963,51303,+5245,1.16,1.10
hades,1143,29756,+3347,1.18,1.10
oSee,1493,37940,+4244,1.18,1.10
moose,752,19559,+1975,1.16,1.10
xccurate,698,18113,+1724,1.15,1.09
mixwell,840,21804,+1911,1.13,1.09
dav1deuS,825,20353,+1582,1.11,1.09
ekul,460,11891,+967,1.12,1.09
PwnAlone,1205,30873,+3041,1.16,1.09
Brehze,1465,37172,+3129,1.13,1.09
swag,576,14852,+1597,1.17,1.09
NertZ,630,15899,+1223,1.11,1.09
insani,546,13305,+1108,1.13,1.09
Vexite,638,15527,+1184,1.11,1.09
z4kr,558,14190,+1293,1.14,1.09
JUGi,940,24427,+2676,1.18,1.09
CeRq,1380,35405,+3612,1.16,1.09
sl3nd,528,13046,+1548,1.20,1.09
syrsoN,2002,52540,+5197,1.16,1.09
chelleos,789,19594,+1600,1.12,1.09
Sonic,1224,30504,+2731,1.14,1.09
Spinx,769,19850,+1870,1.15,1.09
Ax1Le,1280,33371,+3103,1.15,1.09
GeT_RiGhT,1761,45379,+4236,1.14,1.09
ryx,491,12856,+1181,1.14,1.09
zehN,1181,31389,+2620,1.13,1.09
ScreaM,1428,37066,+3099,1.13,1.09
mir,1224,31844,+2819,1.13,1.09
slaxz-,1477,38819,+4001,1.17,1.09
BL1TZ,740,19035,+1601,1.13,1.09
NAF,1923,49917,+4910,1.16,1.09
nex,1074,28389,+2435,1.13,1.09
vsm,876,22607,+1805,1.12,1.09
BOROS,666,17590,+815,1.06,1.08
nilo,752,18761,+1469,1.12,1.08
nicoodoz,1221,31508,+3069,1.16,1.08
nukkye,592,15492,+1330,1.13,1.08
togs,570,13594,+1291,1.15,1.08
ottoNd,1150,29847,+2911,1.16,1.08
draken,1613,42085,+4203,1.16,1.08
EliGE,1966,50984,+3598,1.10,1.08
fer,1467,38455,+2828,1.11,1.08
aliStair,1346,33456,+3217,1.16,1.08
JOTA,650,16908,+1573,1.15,1.08
Savage,836,21434,+1926,1.14,1.08
DJOXiC,489,12531,+1204,1.15,1.08
lollipop21k,1454,38688,+2745,1.11,1.08
malbsMd,969,23905,+1336,1.08,1.08
supLexN1,474,12347,+1273,1.17,1.08
Infinite,1203,30664,+2261,1.11,1.08
Farlig,881,23711,+2149,1.14,1.08
keev,594,15524,+1217,1.12,1.08
sergej,776,20425,+1816,1.14,1.08
anarkez,1068,28195,+2414,1.13,1.08
Lucaozy,891,22411,+1962,1.14,1.08
broky,1099,28473,+2835,1.16,1.08
Attacker,1325,34097,+2714,1.12,1.08
ShahZaM,966,25252,+2058,1.13,1.08
ritchiEE,565,14908,+1110,1.11,1.08
CLASIA,542,13842,+1060,1.12,1.08
Ryxxo,906,23810,+2059,1.14,1.08
electroNic,1656,42965,+3114,1.11,1.08
felps,1481,36791,+2170,1.08,1.08
jayzaR,597,15785,+1058,1.10,1.08
Maka,1815,46843,+4041,1.14,1.07
hazr,1076,26759,+1551,1.09,1.07
dennyslaw,1655,44088,+3735,1.13,1.07
Hatz,1063,26929,+2156,1.13,1.07
Cooper,1037,26332,+2055,1.12,1.07
dapr,594,15426,+1002,1.10,1.07
Rickeh,1004,26059,+2438,1.15,1.07
ptr,1138,29765,+2687,1.15,1.07
asap,487,11769,+899,1.12,1.07
Krimbo,853,21980,+2024,1.15,1.07
k0nfig,1773,46894,+2440,1.08,1.07
ADDICT,593,14501,+1172,1.13,1.07
cynic,1055,27235,+2126,1.12,1.07
gas,590,15347,+759,1.07,1.07
fejtZ,1012,26483,+1956,1.11,1.07
hyped,685,16662,+1406,1.13,1.07
Annihilation,487,12709,+1175,1.15,1.07
shox,2097,55018,+3889,1.11,1.07
HeavyGod,522,13295,+1050,1.12,1.07
exit,1289,32338,+3210,1.17,1.07
MICHU,1885,49295,+3073,1.09,1.07
EspiranTo,889,23197,+1367,1.09,1.07
NaToSaphiX,1068,28417,+2625,1.15,1.07
xand,515,13210,+875,1.10,1.07
reiko,995,25391,+1234,1.07,1.07
dupreeh,2290,59001,+4425,1.12,1.07
Calyx,1461,37709,+3093,1.13,1.07
faveN,1682,44256,+3285,1.11,1.07
FL1T,1600,42080,+3284,1.12,1.07
valde,1573,40581,+2991,1.11,1.07
InfrequeNt,488,12549,+926,1.11,1.07
Magisk,1734,45136,+3508,1.12,1.07
Liazz,1265,31781,+2583,1.13,1.07
Pimp,983,25223,+2054,1.13,1.07
shroud,676,17460,+1311,1.12,1.07
WorldEdit,1331,34780,+2443,1.11,1.07
ZOREE,1911,50919,+4067,1.13,1.07
PANIX,608,15407,+1183,1.12,1.07
NikoM,542,13969,+957,1.10,1.07
biguzera,1225,30796,+2226,1.11,1.06
Lucky,1171,29576,+2620,1.14,1.06
Impulse,818,21711,+1558,1.11,1.06
Summer,1453,36963,+2726,1.11,1.06
bLitz,613,15535,+950,1.09,1.06
tomaszin,499,11620,+741,1.10,1.06
REDSTAR,1085,28301,+2341,1.13,1.06
hallzerk,1095,28746,+1993,1.11,1.06
NEOFRAG,1036,27003,+1353,1.07,1.06
smike,496,12846,+601,1.07,1.06
jL,811,20999,+1309,1.09,1.06
Blogg1s,519,13837,+1062,1.12,1.06
ofnu,852,21778,+1380,1.10,1.06
MoDo,570,14416,+1287,1.15,1.06
Ethan,986,25998,+1488,1.09,1.06
CRUC1AL,1950,50165,+3612,1.11,1.06
DD,956,24553,+1511,1.09,1.06
somebody,1393,35557,+2217,1.09,1.06
hAdji,1555,40447,+2692,1.10,1.06
iDISBALANCE,1472,37877,+3395,1.15,1.06
snatchie,1717,45931,+2593,1.08,1.06
fr3nd,643,15667,+1234,1.13,1.06
boltz,1448,37799,+2777,1.12,1.06
Happy,1462,37912,+2739,1.11,1.06
autimatic,1524,38763,+2469,1.10,1.06
afro,980,25359,+1813,1.11,1.06
acoR,1462,37345,+2725,1.12,1.06
Rainwaker,1548,41270,+2897,1.11,1.06
COLDYY1,947,24917,+1718,1.11,1.06
t9rnay,474,11903,+745,1.09,1.06
phzy,777,20292,+1577,1.13,1.06
jks,1415,36719,+2514,1.11,1.06
zhokiNg,1258,32112,+1417,1.06,1.06
dare,557,13460,+603,1.06,1.06
paz,1149,30170,+1909,1.10,1.06
pz,709,17703,+1245,1.11,1.06
venomzera,576,13520,+628,1.07,1.06
koosta,977,25766,+1341,1.08,1.06
pancc,602,15875,+818,1.08,1.06
FalleN,1914,49419,+4039,1.14,1.06
fleav,706,18345,+985,1.08,1.06
ISSAA,900,23483,+1545,1.10,1.06
latto,772,19407,+1347,1.11,1.06
SaMey,722,17964,+1424,1.13,1.06
TOR,452,11472,+657,1.09,1.06
Skadoodle,1068,27556,+2417,1.15,1.06
olofmeister,1586,41448,+2735,1.10,1.06
trk,989,25829,+1602,1.10,1.05
mezii,858,22388,+1447,1.10,1.05
SHiPZ,2088,55106,+2440,1.06,1.05
SLOWLY,581,15418,+689,1.07,1.05
Valiance,738,18908,+1141,1.09,1.05
suNny,1390,36687,+1610,1.06,1.05
piriajr,681,17143,+960,1.08,1.05
YEKINDAR,1453,37990,+1403,1.05,1.05
dexter,1311,33028,+1632,1.07,1.05
bottle,770,19840,+867,1.06,1.05
brutmonster,758,18198,+1170,1.10,1.05
gxx-,758,19572,+1571,1.13,1.05
shalfey,983,25070,+1829,1.12,1.05
HObbit,1511,39394,+2386,1.09,1.05
b1t,789,20183,+1352,1.11,1.05
HZ,500,12856,+691,1.08,1.05
RCF,1037,26375,+1559,1.09,1.05
meyern,842,21330,+1071,1.08,1.05
CacaNito,701,17925,+682,1.05,1.05
d1Ledez,649,15913,+706,1.07,1.05
fame,869,22225,+1284,1.09,1.05
cajunb,1751,45848,+2868,1.10,1.05
stavn,1431,37579,+1981,1.08,1.05
iM,1144,29793,+1261,1.06,1.05
zeph,601,15269,+607,1.06,1.05
rallen,2057,54680,+3337,1.09,1.05
lauNX,680,17550,+708,1.06,1.05
floppy,1175,30159,+1573,1.08,1.05
yay,653,17182,+604,1.05,1.05
dycha,1194,30975,+1349,1.07,1.05
SicK,795,20701,+1040,1.07,1.05
detr0ittJ,642,15771,+1058,1.11,1.05
s4ltovsk1yy,731,18959,+1380,1.12,1.05
Gratisfaction,954,24861,+1631,1.10,1.05
desh,465,11909,+753,1.10,1.05
VLDN,452,11386,+679,1.10,1.05
FpSSS,593,14552,+899,1.10,1.05
mou,1563,41429,+2513,1.09,1.05
loWel,1008,26413,+1739,1.10,1.05
Marcelious,529,14241,+696,1.07,1.05
WolfY,923,23680,+1761,1.12,1.05
raafa,640,16832,+1092,1.10,1.05
Zellsis,626,16210,+803,1.07,1.05
MarKE,1248,31543,+1829,1.09,1.05
gbb,563,13692,+515,1.06,1.05
tucks,896,22118,+1244,1.09,1.05
KEi,1125,29554,+1012,1.05,1.05
juanflatroo,1073,27524,+749,1.04,1.05
rommi,516,13467,+604,1.06,1.05
shz,1135,28764,+1603,1.09,1.05
skullz,782,20044,+1186,1.09,1.04
eraa,980,25437,+1484,1.09,1.04
Flarich,1088,29007,+1816,1.10,1.04
Jeorge,796,19759,+955,1.07,1.04
Brollan,1323,34594,+1431,1.06,1.04
b4rtiN,802,19915,+1091,1.09,1.04
roeJ,1312,33626,+1418,1.06,1.04
nin9,522,13559,+828,1.10,1.04
sdy,1566,40813,+2538,1.10,1.04
gafolo,734,18160,+1248,1.11,1.04
lux,649,15592,+736,1.07,1.04
Grim,1257,32347,+943,1.04,1.04
zewsy,618,15666,+667,1.06,1.04
flameZ,738,19077,+774,1.06,1.04
fino,490,11291,+736,1.10,1.04
STOMP,809,21729,+1329,1.10,1.04
Kjaerbye,1562,41095,+2089,1.08,1.04
KENSI,1127,28845,+1544,1.08,1.04
Swisher,1188,30090,+1246,1.06,1.04
Bwills,1162,30147,+1471,1.07,1.04
malta,1146,29145,+1550,1.08,1.04
Hiko,937,24398,+1532,1.10,1.04
cadiaN,1793,46868,+3031,1.10,1.04
hardzao,1210,30583,+1915,1.10,1.04
r3salt,654,15705,+578,1.05,1.04
chelo,1247,31672,+1243,1.06,1.04
KRIMZ,2151,55813,+3187,1.09,1.04
HSK,540,13851,+845,1.10,1.04
npl,552,13161,+503,1.06,1.04
aumaN,932,23765,+1202,1.08,1.04
remix,820,21001,+1148,1.09,1.04
story,676,16801,+1169,1.11,1.04
DavCost,1360,35819,+1918,1.08,1.04
tomiko,773,19108,+433,1.03,1.04
Bubzkji,817,21619,+963,1.07,1.04
Aerial,1162,30958,+1290,1.06,1.04
JW,2632,68129,+2485,1.05,1.04
nython,1002,24935,+1450,1.09,1.04
flying,547,14179,+514,1.05,1.04
ANDROID,835,21741,+1036,1.07,1.04
jkaem,1892,49207,+1320,1.04,1.04
LOVEYY,708,17977,+699,1.06,1.04
Sobol,1468,38045,+1598,1.06,1.04
motm,1138,29708,+1056,1.05,1.04
KHTEX,628,16208,+867,1.08,1.04
tabseN,2424,63383,+1246,1.03,1.04
dEE,512,13533,+657,1.07,1.04
kauez,678,16433,+626,1.06,1.04
ewjerkz,639,15836,+473,1.04,1.04
Davidp,774,20539,+1009,1.08,1.03
tb,619,15737,+708,1.07,1.03
Westmelon,572,14493,+402,1.04,1.03
TeSeS,1215,31581,+1213,1.06,1.03
TRAVIS,934,24380,+950,1.06,1.03
tarik,1438,37326,+1316,1.05,1.03
j3kie,590,15078,+393,1.04,1.03
NK4Y,480,12325,+429,1.05,1.03
SLIGHT,681,16853,+905,1.08,1.03
Kntz,552,14299,+670,1.07,1.03
Subroza,623,16275,+375,1.03,1.03
USTILO,1153,29801,+931,1.05,1.03
chayJESUS,531,13040,+447,1.05,1.03
yam,547,14003,+650,1.07,1.03
Zyphon,955,24283,+948,1.06,1.03
Swahn,489,12881,+599,1.07,1.03
spooke,793,20135,+592,1.04,1.03
HexT,955,23865,+828,1.05,1.03
znajder,1050,27577,+1070,1.06,1.03
Relaxa,1204,32063,+1931,1.10,1.03
DEV7L,549,14256,+582,1.06,1.03
Fessor,650,16619,+406,1.04,1.03
REZ,1673,43539,+1505,1.05,1.03
chawzyyy,564,14460,+660,1.07,1.03
rigoN,835,21336,+76,1.00,1.03
nexa,1588,41367,+1848,1.07,1.03
Dytor,698,17378,+395,1.03,1.03
xertioN,539,13446,+462,1.05,1.03
J3nsyy,587,15772,+800,1.08,1.03
Roflko,481,12192,+250,1.03,1.03
kressy,1106,29606,+1167,1.06,1.03
stfN,1365,36267,+1442,1.06,1.03
refrezh,1543,39743,+1567,1.06,1.03
FASHR,978,25848,+590,1.03,1.03
AiyvaN,711,18434,+559,1.05,1.03
shuadapai,549,14214,+492,1.05,1.03
dobu,1038,26733,+664,1.04,1.03
twist,2124,55362,+1723,1.05,1.03
dennis,1578,41942,+1136,1.04,1.03
sirah,458,10346,+380,1.06,1.03
food,456,11711,+380,1.05,1.03
aizy,1659,43577,+1196,1.04,1.03
hoody,575,15453,+402,1.04,1.02
CyberFocus,491,12779,+320,1.04,1.02
koala,483,11682,+511,1.07,1.02
kai,483,12692,+415,1.05,1.02
land1n,993,25411,+1315,1.08,1.02
KaiR0N-,559,13660,+230,1.02,1.02
tN1R,612,14645,+527,1.05,1.02
pashaBiceps,1597,41346,+989,1.03,1.02
imoRR,827,22242,+232,1.01,1.02
flusha,2255,59296,+2172,1.06,1.02
Qikert,1580,41049,+1731,1.07,1.02
kolor,605,15745,+388,1.04,1.02
destiny,1577,39737,+838,1.03,1.02
dragonfly,507,13234,+502,1.06,1.02
rdnzao,536,12703,+413,1.05,1.02
atarax1a,489,12232,+490,1.06,1.02
smiley,486,13176,+634,1.08,1.02
Snax,2558,66952,+2420,1.06,1.02
DiMKE,711,18712,+476,1.04,1.02
FaNg,991,25061,+740,1.04,1.02
Markoś,1009,26391,+1264,1.08,1.02
Patsi,834,21496,+326,1.02,1.02
jdm64,823,21321,+825,1.06,1.02
c0llins,740,18953,+412,1.03,1.02
brnz4n,620,15261,+366,1.04,1.02
fnx,689,17740,+663,1.06,1.02
MonttY,522,13451,+338,1.04,1.02
FANAT ROCKA,465,12150,+453,1.06,1.02
disco doplan,1207,32000,+1094,1.05,1.02
Blytz,771,19557,+429,1.03,1.02
AZUWU,520,12567,+234,1.03,1.02
kyuubii,521,13337,+501,1.06,1.02
kabal,1040,26887,+861,1.05,1.02
mouz,1722,45760,+1738,1.06,1.02
qqGOD,584,15180,+280,1.03,1.02
MoeycQ,639,16594,+410,1.04,1.02
n0rb3r7,1371,35643,+592,1.02,1.02
AMANEK,1163,31237,+1201,1.06,1.02
Forester,1612,42435,+1315,1.05,1.02
captainMo,870,22260,+477,1.03,1.02
buster,1482,38764,+1780,1.07,1.02
Lucky,1805,46787,+1739,1.06,1.02
Maluk3,1243,32273,+1276,1.06,1.02
spaze,538,14117,+89,1.01,1.02
v1c7oR,1891,49359,+1181,1.04,1.02
b0denmaster,1062,27124,+978,1.06,1.02
KalubeR,640,16982,+413,1.04,1.02
Ace,456,11866,+570,1.08,1.02
sjuush,1208,31168,+1032,1.05,1.02
spargo,595,16104,+489,1.05,1.02
dimasick,585,15322,+447,1.04,1.02
aidKiT,566,14727,+503,1.05,1.02
zont1x,586,14671,+460,1.05,1.02
luchov,626,15082,+116,1.01,1.02
doc,457,10606,+7,1.00,1.02
HS,1107,29571,+324,1.02,1.02
reck,721,18195,+452,1.04,1.02
ROBO,667,17746,+628,1.05,1.02
pesadelo,896,22879,+233,1.01,1.02
jedqr,955,25623,+787,1.05,1.02
TENZKI,1504,39564,+1333,1.05,1.02
bondik,1643,42470,+1466,1.05,1.02
s0und,604,15094,+150,1.01,1.02
rain,2002,52258,+671,1.02,1.02
Spongey,864,22435,+1023,1.07,1.02
roca,660,17324,+195,1.02,1.02
queztone,716,18727,+211,1.02,1.02
flamie,1760,46547,+1185,1.04,1.02
Jyo,1467,38661,+1289,1.05,1.02
Thomas,1199,31615,+761,1.04,1.02
fox,1065,27813,+497,1.03,1.02
LETN1,1116,29031,+1135,1.06,1.02
alex,1619,42308,+1252,1.05,1.02
chrisJ,1719,45211,+1107,1.04,1.02
s1n,706,17862,+624,1.05,1.01
JDC,843,21425,+431,1.03,1.01
flickz,463,11665,+352,1.05,1.01
clax,933,23620,+821,1.05,1.01
juho,830,21630,-29,1.00,1.01
n0thing,826,21279,+448,1.03,1.01
mar,774,20544,+402,1.03,1.01
cxzi,925,23549,-26,1.00,1.01
SHOCK,1481,37938,+967,1.04,1.01
Cabbi,1115,28019,+74,1.00,1.01
glowiing,1081,27447,+354,1.02,1.01
Maden,1046,27137,+253,1.01,1.01
Kylar,1079,28285,+688,1.04,1.01
Norwi,997,25204,+658,1.04,1.01
EasTor,503,13375,+378,1.04,1.01
mitch,807,20719,+632,1.05,1.01
Porya,492,12627,+298,1.04,1.01
Maikelele,1075,28357,+941,1.05,1.01
Plopski,1373,35768,+965,1.04,1.01
Noobster,496,12790,+203,1.02,1.01
Viva,597,15834,+480,1.05,1.01
Staehr,662,17273,+350,1.03,1.01
Tuurtle,1243,31795,+684,1.03,1.01
shokz,735,19722,+422,1.03,1.01
spyleadeR,900,23255,+83,1.00,1.01
NOPEEJ,592,15253,+449,1.05,1.01
Polt,864,21747,+680,1.05,1.01
Xyp9x,2188,57242,+2187,1.06,1.01
JUST,1284,33140,+675,1.03,1.01
szejn,781,20072,+234,1.02,1.01
Svedjehed,506,13703,+349,1.04,1.01
sLowi,1389,37169,+445,1.02,1.01
byali,2067,54467,+1239,1.03,1.01
mirbit,866,23162,+926,1.06,1.01
Lekr0,1513,39946,+863,1.03,1.01
snow,514,12011,+294,1.04,1.01
Friis,938,24254,+747,1.05,1.01
dazzLe,690,17971,-8,1.00,1.01
stadodo,1120,28918,+935,1.05,1.01
ayaya,462,11695,+102,1.01,1.01
SIXER,1187,31294,+1265,1.07,1.01
niko,1563,40407,+841,1.03,1.01
kalinka,855,22891,+157,1.01,1.01
es3tag,1422,37070,+670,1.03,1.01
grux,496,13236,+230,1.03,1.01
to1nou,850,22377,+520,1.04,1.01
HUGH,855,22111,+429,1.03,1.01
DESPE,468,12127,+320,1.04,1.01
kioShiMa,1493,39227,+1286,1.05,1.01
FugLy,1083,28153,+621,1.03,1.01
emagine,751,18931,+487,1.04,1.01
J0LZ,638,16569,+134,1.01,1.01
Goofy,1596,42353,+325,1.01,1.01
hampus,1714,44543,+166,1.01,1.01
GruBy,1823,48436,+454,1.01,1.01
delboNi,718,18415,+304,1.02,1.00
reatz,1579,42452,+659,1.02,1.00
yel,1047,27193,+872,1.05,1.00
DickStacy,630,15858,+312,1.03,1.00
MINISE,1873,49950,+583,1.02,1.00
Stewie2K,1559,40586,+245,1.01,1.00
Raijin,500,13414,+198,1.02,1.00
NENO,719,18580,+455,1.04,1.00
Edward,1495,39373,+773,1.03,1.00
Marix,516,12561,+29,1.00,1.00
waterfaLLZ,919,24331,+311,1.02,1.00
NBK-,2418,62922,+421,1.01,1.00
b0RUP,1765,46928,+293,1.01,1.00
Zero,1237,32902,+897,1.04,1.00
Lcm,518,12578,+537,1.07,1.00
Relyks,832,21258,+161,1.01,1.00
OWNER,472,12016,+121,1.01,1.00
steel,690,17905,+42,1.00,1.00
glace,589,15307,+366,1.04,1.00
Oderus,473,12356,-52,0.99,1.00
almazer,1363,36546,+621,1.03,1.00
1uke,623,16179,+223,1.02,1.00
tatazin,997,25565,+951,1.06,1.00
Snakes,563,14436,+217,1.02,1.00
capseN,501,13284,+450,1.05,1.00
kenzor,605,15796,+57,1.01,1.00
hazed,736,19138,-81,0.99,1.00
arTisT,532,13373,+109,1.01,1.00
ap0c,970,24817,+50,1.00,1.00
nbqq,836,20865,+171,1.01,1.00
speed4k,840,22566,+527,1.04,1.00
ImpressioN,684,17721,+131,1.01,1.00
xiaosaGe,903,23613,-12,1.00,1.00
Nodios,1297,33430,+551,1.03,1.00
zeff,482,12229,+54,1.01,1.00
R0b3n,530,13950,+208,1.02,1.00
nEMANHA,783,18858,-70,0.99,1.00
RoLEX,497,12715,+25,1.00,1.00
cromen,653,17335,+67,1.01,1.00
Krad,1705,44640,+144,1.00,1.00
adreN,697,18241,+380,1.03,1.00
Altekz,791,19769,+316,1.02,1.00
sausol,576,14858,+109,1.01,1.00
fl0m,942,24111,+291,1.02,1.00
obj,453,11851,+326,1.04,1.00
DemQQ,1085,27470,+539,1.03,1.00
MODDII,1170,30550,+401,1.02,1.00
zqkS,929,23942,+753,1.05,1.00
pyth,758,19846,-11,1.00,1.00
cam,544,13974,+169,1.02,1.00
chop,834,21510,+243,1.02,1.00
HEAP,753,18859,+127,1.01,1.00
Anlelele,598,14985,+184,1.02,1.00
PlesseN,1738,45489,-341,0.99,1.00
Pechyn,565,14472,+93,1.01,1.00
xseveN,1547,41069,+418,1.02,1.00
iDk,1158,29573,+317,1.02,1.00
Nifty,963,25020,+139,1.01,1.00
fenvicious,751,19647,+45,1.00,1.00
jR,943,25172,+368,1.02,1.00
freshie,551,13479,+18,1.00,1.00
vice,493,12707,+128,1.01,1.00
apEX,2338,60857,-176,1.00,1.00
susp,509,12285,+89,1.01,1.00
F1KU,973,25701,-9,1.00,1.00
jabbi,1093,28684,+342,1.02,1.00
xfl0ud,660,16600,+223,1.02,0.99
Bååten,743,19804,+20,1.00,0.99
Djoko,1156,29403,-208,0.99,0.99
mds,1322,35410,+479,1.02,0.99
freddieb,1135,30119,+180,1.01,0.99
SEMPHIS,848,21936,-33,1.00,0.99
Basso,633,16510,+211,1.02,0.99
Vegi,1153,30606,-125,0.99,0.99
max,960,24464,+278,1.02,0.99
Jackinho,545,13348,+153,1.02,0.99
gMd,464,12098,-47,0.99,0.99
ALEX,1162,30750,-372,0.98,0.99
magixx,975,25005,+583,1.04,0.99
stamina,476,12305,-3,1.00,0.99
neptune,498,13218,-23,1.00,0.99
markeloff,1149,29779,+478,1.02,0.99
rbz,647,16903,+138,1.01,0.99
BENDJI,878,23318,+137,1.01,0.99
shane,526,12758,+65,1.01,0.99
adamS,639,16460,+143,1.01,0.99
SZPERO,2204,58317,+591,1.02,0.99
sugaR,597,14996,+97,1.01,0.99
arrozdoce,608,15051,+11,1.00,0.99
abr,531,13586,+284,1.03,0.99
supra,667,17718,-3,1.00,0.99
jaxi,472,12125,+183,1.02,0.99
innocent,2055,53620,+109,1.00,0.99
wiz,767,19832,+358,1.03,0.99
BARBARR,876,23180,-20,1.00,0.99
Liki,510,12897,+213,1.03,0.99
realz1n,973,24880,+334,1.02,0.99
bnox,1000,24864,+39,1.00,0.99
apocdud,937,23742,+66,1.00,0.99
kreaz,1043,26544,+356,1.02,0.99
Frøslev,734,19168,+96,1.01,0.99
mopoz,1510,39390,-369,0.99,0.99
Tsogoo,548,13901,-11,1.00,0.99
void,499,12642,+71,1.01,0.99
ANGE1,1728,45027,-685,0.98,0.99
kaboose,549,14235,-305,0.97,0.99
ZEDKO,1884,48326,+101,1.00,0.99
Drone,454,11841,-168,0.98,0.99
facecrack,1806,48022,-817,0.98,0.99
Dimaoneshot,1328,34927,-575,0.98,0.99
dephh,790,20560,-336,0.98,0.99
kory,857,22367,-39,1.00,0.99
robiin,1829,47821,-204,0.99,0.99
1962,735,18834,-348,0.97,0.99
manguss,769,19143,+165,1.01,0.99
vanity,609,15688,+80,1.01,0.99
Perfecto,971,25281,+704,1.05,0.99
s1ren,571,13897,+179,1.02,0.99
gade,958,25224,-121,0.99,0.99
myltsi,484,12436,-121,0.99,0.99
CYPHER,859,21886,-382,0.98,0.99
SAGGERTON,540,14097,-231,0.98,0.99
fitch,577,15287,-228,0.98,0.99
EMIYA,611,15429,+77,1.01,0.99
Ex3rcice,979,24776,+98,1.01,0.99
bq,491,12947,-160,0.98,0.99
arT,1380,34803,-410,0.98,0.99
dangeR,478,11694,+76,1.01,0.99
nitr0,1623,42054,+186,1.01,0.99
MUTiRiS,1751,44888,+106,1.00,0.99
Lukki,895,23495,-18,1.00,0.99
volt,657,16819,+32,1.00,0.99
simke,759,18217,-241,0.98,0.99
Techno,562,14136,-175,0.98,0.98
awzek,796,19357,-119,0.99,0.98
naitte,730,17894,-385,0.97,0.98
adamb,592,14410,-53,0.99,0.98
morelz,1716,44740,-500,0.98,0.98
J1rah,803,20826,-29,1.00,0.98
DAVEY,801,20713,-294,0.98,0.98
Xizt,1667,42881,+511,1.02,0.98
Cjoffo,757,18142,+158,1.01,0.98
Fadey,856,21992,-414,0.97,0.98
MisteM,724,18706,-278,0.98,0.98
JIaYm,631,16938,-406,0.97,0.98
STYKO,2019,52914,+53,1.00,0.98
bodyy,1770,46024,-358,0.99,0.98
RUBINO,998,26140,-170,0.99,0.98
truth,564,15015,-104,0.99,0.98
Stev0se,511,13529,-140,0.99,0.98
pr,515,13149,-237,0.97,0.98
VINI,1415,35644,-160,0.99,0.98
ryann,697,17857,-269,0.98,0.98
cej0t,453,10514,-61,0.99,0.98
Dosia,1468,38434,+109,1.00,0.98
AdreN,1770,46542,-254,0.99,0.98
DeathZz,551,14730,+18,1.00,0.98
Cryptic,548,13410,-295,0.97,0.98
PerX,720,17613,+169,1.01,0.98
freakazoid,1143,28789,-440,0.98,0.98
uli,735,18964,+7,1.00,0.98
Bymas,504,13193,+184,1.02,0.98
DeadFox,807,21060,-54,1.00,0.98
Jerry,2003,53338,-200,0.99,0.98
Daffu,717,19219,+103,1.01,0.98
br0,553,14126,-1,1.00,0.98
dzt,784,19952,-186,0.99,0.98
anger,682,17700,-229,0.98,0.98
misutaaa,887,22632,-280,0.98,0.98
Noktse,1332,33526,+112,1.01,0.98
cJ dA K1nG,761,18608,-19,1.00,0.98
Spiidi,2413,63834,+133,1.00,0.98
sXe,605,15708,-157,0.99,0.98
snav,560,13549,-21,1.00,0.98
matios,615,14870,-119,0.99,0.98
RUSH,1739,44652,-229,0.99,0.98
Girafffe,508,12734,-191,0.98,0.98
deco,787,20155,-81,0.99,0.98
ice,530,14267,-248,0.97,0.98
Llamas,460,11797,-35,1.00,0.98
AZR,1184,30781,-389,0.98,0.98
ragga,1002,25924,-476,0.97,0.98
PERCY,1044,27719,-353,0.98,0.98
bubble,2398,63030,+77,1.00,0.98
JACKZ,1310,34435,-396,0.98,0.98
BURNRUOk,860,22168,-518,0.97,0.98
jnt,768,19985,+209,1.02,0.98
BIT,737,19057,+50,1.00,0.98
FinigaN,701,18232,+127,1.01,0.98
Sergiz,465,12322,+98,1.01,0.98
d4rty,522,12713,-115,0.99,0.98
notaN,648,17222,-112,0.99,0.98
Radifaction,513,13736,-179,0.98,0.98
leo_drk,773,19350,-376,0.97,0.98
larsen,650,17146,-45,1.00,0.97
siuhy,895,23165,-432,0.97,0.97
RpK,1503,39220,-608,0.98,0.97
k1to,1620,42804,-1012,0.97,0.97
Buzz,529,13773,-158,0.98,0.97
Kind0,482,12556,-72,0.99,0.97
kRaSnaL,795,20009,-243,0.98,0.97
prt,795,20687,-182,0.99,0.97
roman,1658,42420,-418,0.99,0.97
synyx,530,13240,-150,0.98,0.97
prosus,747,19242,-414,0.97,0.97
djay,1082,27870,-312,0.98,0.97
blocker,906,24070,-559,0.97,0.97
mono,665,17776,-24,1.00,0.97
RuStY,1677,45021,-307,0.99,0.97
jmqa,926,24260,-278,0.98,0.97
Jonji,1214,31176,-901,0.96,0.97
DeStRoYeR,600,15845,-235,0.98,0.97
seb,603,15586,-224,0.98,0.97
leman,580,15648,-202,0.98,0.97
maaryy,889,21752,+18,1.00,0.97
f4stzin,592,15086,-397,0.96,0.97
kraghen,823,20678,-385,0.97,0.97
kUcheR,852,22314,-145,0.99,0.97
Smash,549,14080,-238,0.97,0.97
smekk-,477,12780,-483,0.95,0.97
krii,535,13988,-195,0.98,0.97
Enzo,555,14808,-219,0.98,0.97
stk,591,15136,-223,0.98,0.97
ALLE,914,22826,-223,0.99,0.97
w1,556,14268,-218,0.98,0.97
raalz,1614,42443,-601,0.98,0.97
SPELLAN,1631,42250,-448,0.98,0.97
reversive,882,22477,-335,0.98,0.97
SOKER,651,17048,-439,0.96,0.97
gla1ve,1985,51707,-497,0.99,0.97
Lack1,1487,38385,-1011,0.96,0.97
oskarish,1141,30578,-449,0.98,0.97
kwezz,1311,33355,-295,0.99,0.97
b1elany,478,12050,-228,0.97,0.97
viz,540,13961,-152,0.98,0.97
NickelBack,1698,45254,-566,0.98,0.97
Furlan,2414,63484,-1635,0.96,0.97
ponter,477,12013,-272,0.97,0.97
Queenix,1058,27026,-314,0.98,0.97
MaLLby,472,12142,-116,0.99,0.97
DEVIL,638,16633,-305,0.97,0.97
PR1mE,781,20703,-381,0.97,0.97
KHRN,935,24443,-245,0.98,0.97
bobeksde,658,16814,-589,0.95,0.97
MAIROLLS,506,13087,-242,0.97,0.97
Kristou,868,22401,-436,0.97,0.97
doto,851,22641,-523,0.97,0.97
Aaron,557,13713,-441,0.96,0.97
reltuC,865,22664,-74,1.00,0.97
Boombl4,1412,36805,-888,0.96,0.97
Surreal,2123,54644,-878,0.98,0.96
fear,595,13784,-75,0.99,0.96
Hyper,646,16949,-167,0.99,0.96
Tauson,631,16193,-311,0.97,0.96
LUCAS1,986,25417,-492,0.97,0.96
bodito,559,14735,-455,0.96,0.96
NEKIZ,1416,36235,-851,0.97,0.96
kyxsan,897,22972,-450,0.97,0.96
SADDYX,653,17513,-341,0.97,0.96
Maniac,837,22049,-388,0.97,0.96
Demho,688,17419,-263,0.98,0.96
kaper,536,14240,-168,0.98,0.96
Peppzor,822,20853,-583,0.96,0.96
skyye,486,12327,-249,0.97,0.96
DANVIET,508,13229,-502,0.95,0.96
maeVe,487,12606,-131,0.98,0.96
r4ul,461,12163,-203,0.97,0.96
sinnopsyy,1156,29801,-1179,0.94,0.96
cptkurtka023,646,15612,-582,0.95,0.96
starix,640,16850,-311,0.97,0.96
SmithZz,1179,30571,-619,0.97,0.96
WOOD7,1098,27260,+166,1.01,0.96
MistR,734,18096,-445,0.96,0.96
MoriiSko,467,11339,-453,0.94,0.96
phr,1605,42063,-618,0.98,0.96
JazzPimp,496,13025,-362,0.96,0.96
xms,710,18762,-627,0.95,0.96
Ag1l,456,11403,-188,0.98,0.96
isak,937,24419,-498,0.97,0.96
SHOOWTiME,1290,32970,-1014,0.96,0.96
Sapec,1027,26601,-952,0.95,0.96
Kvik,785,20509,-688,0.95,0.96
nosraC,1043,26170,-703,0.96,0.96
Walco,874,22332,-716,0.95,0.96
danoco,566,14235,-663,0.94,0.96
stanislaw,1681,42644,-781,0.97,0.96
LOGAN,590,15692,-300,0.97,0.96
expro,565,14745,-396,0.96,0.96
AJTT,473,11910,-240,0.97,0.96
ponczek,585,15685,-248,0.98,0.96
smF,859,22474,-414,0.97,0.96
ProbLeM,648,17533,-430,0.96,0.96
RZU,531,13713,-601,0.94,0.96
Chr1zN,619,14774,-409,0.96,0.96
X5G7V,688,17629,-366,0.97,0.95
0i,493,12891,-447,0.95,0.95
nbl,628,16169,-549,0.95,0.95
YJ,515,13453,-82,0.99,0.95
NEO,2037,53165,-1558,0.96,0.95
HOLMES,474,12379,-443,0.95,0.95
dezon,555,14946,-248,0.97,0.95
w1nt3r,744,19307,-340,0.97,0.95
SEMINTE,737,19460,-601,0.95,0.95
denis,1840,48974,-1863,0.95,0.95
Grus,648,17580,-834,0.93,0.95
dumz,455,12074,-320,0.96,0.95
chopper,1441,37381,-817,0.97,0.95
SELLTER,837,20723,-453,0.97,0.95
brett,706,17562,-879,0.93,0.95
oxygeN,906,23500,-623,0.96,0.95
rafftu,565,15138,-452,0.96,0.95
PKL,1392,35921,-913,0.96,0.95
friberg,1979,51523,-1750,0.95,0.95
tahsiN,619,16083,-696,0.94,0.95
Levi,481,12309,-606,0.93,0.95
Console,708,18612,-582,0.95,0.95
byr9,712,18581,-451,0.96,0.95
soju_j,554,14231,-410,0.96,0.95
Keoz,1191,30877,-1336,0.94,0.95
KrizzeN,763,20020,-368,0.97,0.95
bnc,502,12324,-460,0.95,0.95
Danejoris,484,12195,-461,0.95,0.95
H4RR3,694,18646,-843,0.94,0.95
niki1,1351,35585,-1234,0.95,0.95
tiziaN,2052,53406,-1531,0.96,0.95
flashie,594,15719,-518,0.95,0.95
seized,1972,51161,-1578,0.95,0.95
xns,468,12143,-395,0.95,0.95
steel,1567,40987,-1165,0.96,0.95
Inzta,754,19798,-849,0.94,0.94
drop,600,14597,-338,0.96,0.94
TMB,1339,34936,-1411,0.94,0.94
Nexius,471,11708,-653,0.92,0.94
devoduvek,753,19837,-793,0.94,0.94
Karsa,461,11782,-319,0.96,0.94
kzy,991,25840,-835,0.95,0.94
LNZ,751,18682,-511,0.96,0.94
AcilioN,1906,50075,-1867,0.95,0.94
Fifflaren,538,13220,-40,0.99,0.94
SileNt,624,16235,-788,0.93,0.94
Twixie,767,20821,-780,0.94,0.94
interz,1070,27927,-158,0.99,0.94
Rock1nG,923,24313,-1142,0.93,0.94
darko,1045,28038,-1180,0.94,0.94
MAJ3R,1443,37296,-1173,0.95,0.94
tonyblack,826,21699,-725,0.95,0.94
Shakezullah,862,22424,-464,0.97,0.94
caike,575,15020,-586,0.94,0.94
arch,593,15530,-658,0.94,0.94
maNkz,1069,28393,-1214,0.94,0.94
Prism,604,15475,-735,0.93,0.94
kinqie,760,19698,-1005,0.93,0.94
The eLiVe,1213,31016,-1078,0.95,0.94
boX,1473,39456,-1650,0.94,0.94
Valencio,568,14917,-675,0.93,0.94
LOMME,623,16172,-532,0.95,0.94
faydett,530,12860,-523,0.94,0.94
Patti,618,15619,-655,0.94,0.94
Ex6TenZ,1393,36352,-1064,0.96,0.94
ub1que,491,12691,-496,0.94,0.94
TaZ,2390,62983,-2449,0.94,0.94
Snappi,1929,50320,-1925,0.94,0.94
Noisia,608,15732,-665,0.94,0.94
Aleksib,1362,35376,-1107,0.95,0.94
ngiN,1025,26895,-748,0.96,0.94
arvid,1011,26951,-1358,0.93,0.94
Duplicate,1000,26598,-1124,0.94,0.94
yepz,752,18364,-566,0.95,0.94
Marek,498,13045,-567,0.94,0.94
repo,505,13254,-657,0.93,0.94
sAvana1,739,18195,-753,0.94,0.94
Sidney,610,16394,-625,0.94,0.93
Sm1llee,492,12826,-644,0.93,0.93
Leomonster,622,15737,-1024,0.91,0.93
nafany,1310,33587,-1799,0.92,0.93
mASKED,763,18554,-732,0.94,0.93
Polly,461,11987,-611,0.93,0.93
hutji,453,12010,-664,0.92,0.93
crisby,1210,31547,-1814,0.92,0.93
ztr,896,22842,-1073,0.93,0.93
hoax,512,12397,-651,0.92,0.93
kiR,872,22834,-1400,0.91,0.93
TOAO,1435,37991,-1759,0.93,0.93
tutehen,467,12023,-485,0.94,0.93
dan1,540,14182,-705,0.93,0.93
EXUS,987,26248,-1438,0.92,0.93
RAiLWAY,577,15627,-1059,0.91,0.93
neaLaN,1309,34455,-1786,0.93,0.93
JT,1423,36342,-1892,0.92,0.93
matty,617,16381,-836,0.93,0.93
beastik,1478,37790,-1945,0.92,0.93
dok,458,11905,-785,0.91,0.93
Graviti,492,12016,-739,0.91,0.93
BRACE,699,17229,-920,0.92,0.92
hitMouse,538,14028,-625,0.93,0.92
SkulL,747,19220,-1386,0.90,0.92
Xp3,502,13113,-792,0.91,0.92
pNshr,600,15671,-812,0.92,0.92
emi,1370,35513,-1983,0.92,0.92
arki,889,23396,-1274,0.92,0.92
TACO,1495,38921,-1646,0.93,0.92
SANJI,741,19869,-999,0.92,0.92
amster,710,18342,-876,0.93,0.92
Zeus,1405,37152,-1990,0.92,0.92
MSL,1777,46431,-3455,0.90,0.92
Luz,660,17302,-994,0.92,0.92
aVN,1303,32746,-1617,0.93,0.92
drg,785,19655,-1240,0.91,0.92
quix,1047,27383,-2255,0.89,0.92
sorrow,470,12741,-891,0.90,0.92
nak,519,13439,-700,0.92,0.92
dobbo,539,14432,-672,0.93,0.92
CutzMeretz,499,12455,-790,0.91,0.92
S0tF1k,1428,37604,-2378,0.91,0.91
Dav,468,12095,-822,0.90,0.91
akez,572,15395,-1114,0.90,0.91
svyat,741,19875,-1095,0.92,0.91
Ro1f,736,18733,-1091,0.91,0.91
ArroW,506,11861,-666,0.92,0.91
Patrick,724,19397,-1376,0.90,0.91
LEGIJA,869,22614,-1671,0.90,0.91
ncl,556,14249,-793,0.92,0.91
wayLander,794,20857,-1715,0.89,0.91
zmb,576,14508,-1066,0.89,0.91
mynio,1130,30177,-2275,0.89,0.91
xartE,1178,30948,-1800,0.91,0.91
BONA,476,12674,-943,0.89,0.91
1eeR,455,11182,-690,0.91,0.91
coolio,494,12997,-757,0.91,0.90
sAw,1273,33817,-2151,0.91,0.90
kRYSTAL,1890,49419,-3520,0.89,0.90
crush,732,19295,-1476,0.89,0.90
sycrone,553,14608,-978,0.90,0.90
balblna,614,16094,-1251,0.89,0.90
nkl,642,16554,-1046,0.91,0.90
karrigan,2411,62567,-5075,0.88,0.90
hooch,897,23538,-1828,0.89,0.90
Adam9130,716,19221,-1736,0.87,0.90
FNS,953,25080,-1794,0.89,0.89
SENER1,780,20100,-1527,0.89,0.89
JiNKZ,542,14411,-1193,0.88,0.89
pronax,1199,31403,-2267,0.89,0.89
Golden,1165,29659,-2688,0.87,0.89
Psycho,545,14391,-1143,0.88,0.89
SHiNE,600,15608,-1213,0.88,0.89
RICIOLI,827,20626,-1644,0.88,0.89
IceBerg,1095,27376,-3057,0.85,0.89
K1-FiDa,718,18281,-1443,0.88,0.89
ben1337,1318,33457,-2817,0.88,0.89
FreeZe,803,19549,-1909,0.86,0.88
BTN,1720,44496,-4285,0.87,0.88
MiGHTYMAX,1781,45999,-3682,0.88,0.88
LeX,463,11937,-1263,0.85,0.88
torben,532,13939,-1196,0.87,0.88
ninjaZ,523,12838,-1266,0.86,0.88
Lambert,803,21208,-1687,0.88,0.88
seang@res,713,18391,-1629,0.87,0.88
daps,1137,29448,-2452,0.87,0.88
dav1g,599,15315,-1425,0.86,0.88
lunAtic,1371,36322,-3305,0.87,0.88
ScrunK,1165,31100,-3364,0.85,0.87
BERRY,826,21660,-2564,0.84,0.87
birdfromsky,1161,31439,-3276,0.85,0.86
def,605,15797,-1593,0.85,0.86
nawrot,636,16946,-1935,0.84,0.86
djL,688,18180,-1735,0.86,0.86
advent,1352,34337,-3247,0.85,0.85
Airax,510,13024,-1795,0.81,0.85
gob b,980,25846,-2839,0.84,0.85
HooXi,1075,28027,-3361,0.83,0.85
PASHANOJ,620,16227,-2371,0.80,0.83
bobz,461,12176,-1639,0.81,0.83
B1ad3,906,23376,-3476,0.80,0.82
netrick,455,11976,-1736,0.80,0.82
HUNDEN,1578,41153,-6238,0.78,0.81
